Company,Phone,Tags
.,,"rc, oc, cc, io, marathon fl"
2J Construction,,"cc, big pine key fl"
A & B Exterminators,(305) 743-6344,"oc, marathon fl"
A 1st Choice Appliance Service,(305) 849-3979,"oc, big pine key fl"
A&B Pool Cleaning,(305) 848-3477,"oc, marathon fl"
A's Of The Sea Cleaning Services,(305) 902-0559,"rc, io, big pine key fl, marathon fl"
a-wax floor&window cleaning,(305) 834-1842,"rc, oc, cc, marathon fl"
AAA American Restoration of the Florida Keys,(305) 283-5062,"oc, cc, dc, tavernier fl, islamorada fl"
Alani Management Services LLC,(305) 906-0317,"rc, vr, oc, cc, dc, io, big pine key fl"
Alfonso Landscaping Enterprises Corp,(786) 488-3148,"rc, oc, cc, dc, key largo fl"
Alkeys Cleaning,(305) 896-3216,"io, key largo fl"
ALL AMERICAN CARPET CLEANING CORP,(786) 234-6926,"rc, vr, oc, cc, dc, io, islamorada fl, tavernier fl"
"ALL FOR HIM, LLC",(786) 217-2700,"cc, tavernier fl"
All Keys Germs Defense,(305) 539-9906,"cc, marathon fl"
All Keys Pool Services,(305) 453-0086,"oc, key largo fl"
Angels Of Key West cleaning,(305) 570-8058,"rc, oc, cc, io, key west fl"
Ant's Clean & Shine llc,(305) 793-8930,"rc, oc, cc, dc, big pine key fl"
Anytime Cleaning Services,(863) 446-2148,"io, marathon fl"
AP Florida Cleaning Services Inc.,(307) 231-0299,"rc, vr, oc, cc, dc, io, islamorada fl, key largo fl, tavernier fl"
Asian Massage,(305) 735-8589,"dc, key largo fl"
Asian Massage Marathon,(305) 922-0537,"dc, marathon fl"
B&V Cleaning in Paradise,(305) 413-9533,"vr, oc, cc, io, key west fl, big pine key fl"
Bay Street Cleaning,(352) 744-6551,"io, tavernier fl"
Bayside Cleaning,(910) 228-7532,"rc, vr, cc, dc, io, key largo fl, islamorada fl, tavernier fl"
Beni`s cleaning,(786) 961-6445,"rc, oc, dc, big pine key fl"
Berry Maids Cleaning Service,(786) 244-7158,"dc, io, key largo fl"
BLB Cleaning Services,(305) 850-8085,"rc, vr, oc, cc, dc, io, marathon fl, big pine key fl"
Blue scape corp,(305) 849-1563,"rc, key west fl"
Bone Island Cleaning,(305) 834-4476,"rc, vr, oc, cc, dc, io, marathon fl, big pine key fl, key west fl"
C & E Construction Co,(305) 852-5100,"cc, tavernier fl"
C-Los Restoration & Cleaning,(786) 684-0828,"rc, vr, oc, cc, dc, io, marathon fl, islamorada fl"
Cameron Carpet Cleaning,(305) 849-2881,"rc, oc, cc, dc, io, marathon fl"
"Capt Brian's Hot Tub & Spa Store, Pool Supplies & Landscape Service",(305) 393-9801,"oc, marathon fl"
Castle Services Inc.,(305) 242-0536,"io, key largo fl"
CDI Of Monroe,(305) 833-7397,"oc, cc, tavernier fl"
Cely’s Cleaning Services,(561) 787-8827,"rc, oc, cc, dc, big pine key fl"
Clarity Cleaning Solutions,(786) 550-4041,"rc, vr, cc, dc, io, islamorada fl"
Clean Queen Inc.,(305) 906-1866,"rc, vr, oc, cc, dc, io, key west fl, big pine key fl, marathon fl"
"Clean Sweep Vacation rental cleaning, Valerie Brown",(850) 247-2104,"vr, tavernier fl"
Cleaning Key West,(305) 224-8087,"rc, vr, oc, cc, dc, io, key west fl"
Cleaning Services Of The Keys Erick Luis,(786) 445-4814,"rc, oc, cc, dc, io, key largo fl, tavernier fl"
Cleaning the Keys,(305) 798-5220,"io, key largo fl"
Cleaning with Meaning KW LLC,(305) 923-9428,"rc, vr, oc, cc, dc, io, key west fl, big pine key fl"
Cleantaztic Services,(305) 305-4364,"rc, vr, oc, dc, io, key west fl, marathon fl"
Coastal Cleaners,(305) 735-4267,"rc, oc, cc, dc, io, key largo fl"
Coastal Cleaners,(305) 294-1818,"oc, cc, io, key west fl"
Coastal Vacation Rentals of the Florida Keys,(305) 664-0077,"vr, islamorada fl"
Coco Plum Vacation Rentals,(305) 390-2315,"vr, marathon fl"
Colocada Vacation Rentals @ Sunrise Suites Resort,(305) 916-9020,"vr, key west fl"
Conch Republic Cleaning Service,(305) 780-1434,"rc, vr, oc, cc, dc, io, key west fl"
Construct All Building Services Inc,(305) 453-0505,"cc, key largo fl"
Cool Running Marine Spa,(305) 896-7920,"oc, marathon fl"
Coyne's Laundry Corp,(305) 942-9635,"oc, marathon fl"
CR Laundry - Coin & Drop Off Laundry,(305) 509-7750,"rc, oc, islamorada fl, tavernier fl"
"CRH Dryer Vent & Air Duct Cleaning Services Inc Of FL ,",(239) 256-3846,"cc, key west fl"
CRUZ-IN THE KEYS CONSTRUCTION,(305) 423-8778,"cc, marathon fl"
Crystal Cleaning Janitorial Services,(727) 313-4560,"rc, key largo fl"
Crystal Sheen Cleaning Service,(786) 408-4846,"rc, vr, oc, cc, dc, io, big pine key fl, marathon fl"
Dellanos Construction Inc,(305) 853-0838,"cc, tavernier fl"
Delmy's Home Services SW Florida,(239) 496-4530,"oc, big pine key fl"
Dirt Busters Of Key West,(305) 509-0650,"io, key west fl"
Dirty pirate cleaning and property maintenance etc,(305) 393-9338,"io, marathon fl"
Ebony's Cleaning,(305) 896-6728,"rc, oc, cc, io, key west fl"
Eco Cleaning Services Of The Keys,(305) 699-8853,"rc, vr, oc, cc, dc, io, islamorada fl, key largo fl, tavernier fl, marathon fl, key west fl"
Epiclean Professional Cleaning,(305) 504-0854,"rc, cc, key largo fl, islamorada fl, tavernier fl"
Excel Property Care Of The Keys - Construction Cleaning & Housekeeping Services,(305) 360-7323,"oc, cc, big pine key fl, key west fl"
Fair & Clean Duct Cleaners,(305) 317-4340,"oc, key west fl"
"Fairbank Key West House Restoration And Mold Cleaning Services, FL",(645) 300-1222,"cc, dc, key west fl"
First Call Commercial Cleaning Services LLC,(407) 421-3599,"oc, big pine key fl"
Florida Keys Cleaning,(305) 304-8768,"rc, vr, oc, cc, dc, io, islamorada fl, key largo fl, tavernier fl, marathon fl"
Florida Keys Inspection Services Inc.,(305) 395-0486,"cc, dc, tavernier fl"
Florida Keys Landscaping Services,(305) 304-6986,"oc, cc, dc, io, key largo fl, tavernier fl"
Florida Keys Pressure Washing,(305) 916-0015,"oc, tavernier fl"
Florida Keys Vacation Rentals,(954) 263-2995,"vr, marathon fl"
Florida Property Care Llc,(786) 387-5057,"cc, tavernier fl"
Fresh Start Restoration And Cleaning,(305) 849-1225,"rc, oc, cc, dc, io, marathon fl"
Gaby's Paradise Cleaning Services Inc,(305) 565-9198,"rc, oc, key largo fl"
"Goodley 2nd St. Key West House Restoration And Mold Removal Services, FL",(645) 300-1344,"cc, key west fl"
Gulfstream Restoration,(305) 396-9070,"oc, cc, big pine key fl, marathon fl"
"Haack Environmental, LLC",(305) 786-7688,"oc, cc, big pine key fl"
HAMMERHEAD TERMITE CONTROL,(305) 515-2800,"oc, big pine key fl"
Hana's Amazing Cleaning,(305) 923-6344,"rc, vr, oc, cc, dc, io, key west fl, marathon fl, big pine key fl, key largo fl"
High Tide Window Cleaning,(305) 240-1766,"rc, oc, cc, dc, islamorada fl, tavernier fl"
Historic Key West Annual Rentals,(305) 296-6996,"vr, key west fl"
Historic Key West Vacation Rentals,,"vr, key west fl"
Home Services Key West,(312) 502-3014,"rc, vr, oc, cc, dc, io, key west fl, marathon fl, big pine key fl, key largo fl"
"Immaculate Homes Cleaning, LLC",(352) 808-2336,"io, tavernier fl"
Integrity home services of the keys ...Boat Detailing,(786) 333-8219,"rc, oc, cc, dc, io, islamorada fl, key largo fl"
Isla Clean - Key West Cleaning Service,(301) 787-9803,"rc, dc, io, big pine key fl, key west fl"
Isla Cleaning Services,(305) 304-5501,"io, marathon fl"
Islamorada Carpet Cleaners,(305) 852-4044,"rc, oc, cc, dc, islamorada fl, tavernier fl"
Islamorada cleaning services,(786) 390-5394,"rc, vr, oc, cc, dc, io, islamorada fl, marathon fl, tavernier fl"
Islamorada Honey Company,(305) 304-0925,"rc, islamorada fl"
Island Air Control,(305) 852-4042,"cc, islamorada fl"
Island Ashiatsu Wellness Center,(305) 394-2783,"dc, tavernier fl"
Island Management Vacation Rentals,(305) 842-1151,"vr, islamorada fl"
Island Style Cleaning,(305) 432-6238,"rc, oc, cc, dc, io, key largo fl, islamorada fl, marathon fl, tavernier fl"
Island Time Rain Gutters,(305) 680-9461,"rc, islamorada fl"
Islander Maids,(305) 783-8644,"cc, io, big pine key fl, key west fl"
Isle Detail Home Cleaning,(786) 914-2493,"rc, vr, oc, cc, dc, io, big pine key fl, marathon fl"
Jade’s Tropical Bee Haven,(305) 998-2800,"dc, big pine key fl"
JG Pool blue inc,(786) 449-6959,"oc, marathon fl"
Jill Of All Trades Cleaning Inc,(305) 204-7598,"rc, vr, oc, cc, dc, io, islamorada fl, key largo fl, tavernier fl, marathon fl"
JRH Construction LLC,(305) 393-5532,"cc, big pine key fl"
"Karina Cleaning Services, Inc.",(305) 762-0007,"rc, vr, oc, cc, dc, io, key west fl, marathon fl, big pine key fl"
"KC Clean, Key West",(305) 230-7385,"rc, vr, oc, cc, dc, io, key west fl"
Keriously Klean Mobile Detailing,(305) 748-9211,"rc, oc, cc, dc, key largo fl"
Key Largo Kleaners KLK,(617) 633-8520,"cc, dc, key largo fl"
Key Largo Rain or Shine Movers,(305) 713-9021,"io, key largo fl"
Key West Chemical & Paper Supply,(305) 294-3703,"oc, key west fl"
Key West Cleaning Crew,,"dc, key west fl"
Key west cleaning pros,(786) 908-6957,"dc, key west fl"
Key West Cleaning Service,(321) 448-1463,"rc, oc, cc, io, key west fl"
Key West Vacation Homes,(305) 292-8905,"vr, key west fl"
Key West Vacation Properties and Realty,(305) 296-6667,"vr, key west fl"
Key's Business Solutions,(305) 853-1211,"oc, tavernier fl"
Keys Best Cleaning Service,(305) 216-8729,"rc, vr, oc, cc, dc, io, key largo fl, tavernier fl"
Keys Bins,(305) 413-7417,"cc, io, key largo fl"
Keys Cleaning Company,(305) 395-9735,"rc, oc, cc, dc, io, key west fl, big pine key fl"
Keys Construction Services,(305) 852-5550,"cc, tavernier fl"
Keys Contracting Services Inc,(305) 743-7080,"cc, marathon fl"
Keys House Cleaning Services,(786) 473-2701,"rc, vr, oc, cc, dc, io, islamorada fl, key largo fl, tavernier fl"
Keys JL pool service,(305) 339-2706,"oc, dc, big pine key fl"
Keys Kleaning,(352) 603-7629,"rc, oc, cc, dc, io, key largo fl, tavernier fl, islamorada fl"
Keys Pressure and Landscaping,(305) 834-0100,"oc, cc, dc, big pine key fl"
KEYS SEAMLESS METALS & GUTTERS LLC,(305) 244-6761,"oc, dc, tavernier fl"
Keys To Perfection General Renovations Co.,(305) 896-5803,"oc, cc, tavernier fl, islamorada fl, key largo fl"
Keyswatch Residential Services,(305) 393-2839,"rc, vr, oc, cc, dc, islamorada fl, tavernier fl"
"KQC Inc., Keys Quality Cleaning",(305) 849-0484,"rc, oc, cc, dc, big pine key fl"
KW Deep Cleaning Service,(305) 731-4492,"rc, vr, oc, cc, dc, io, key west fl, big pine key fl"
Largo Savecoin Laundry,(305) 451-4575,"rc, dc, io, key largo fl"
Laundry Maid,(305) 747-1796,"dc, key west fl"
Lee Lapid Housekeeping,(305) 395-0588,"rc, vr, oc, cc, dc, io, islamorada fl, marathon fl, big pine key fl"
Leoserve,(305) 501-8681,"rc, cc, dc, key west fl, marathon fl"
LG Painting Contractor Corp,(305) 998-8642,"cc, islamorada fl"
"Lighthouse Home Services, LLC",(305) 432-6945,"cc, dc, marathon fl"
M&J Cleaning Service,(305) 451-9961,"oc, tavernier fl"
Maid By The Sea Cleaning,(305) 766-3731,"rc, vr, oc, cc, dc, io, key west fl, islamorada fl, marathon fl, big pine key fl"
Maid In Paradise | Cleaning Service In Key Largo FL,(305) 504-3939,"rc, vr, oc, cc, dc, io, islamorada fl, key largo fl, marathon fl, tavernier fl, big pine key fl, key west fl"
Maid In the Keys,(305) 453-0963,"rc, oc, cc, dc, io, key largo fl"
Maintenance Maven LLC.,(786) 891-3400,"oc, cc, dc, tavernier fl, islamorada fl, key largo fl"
Marathon General Services inc,(305) 289-4172,"rc, oc, cc, dc, io, marathon fl"
Margaret-Truman Launderette (Drop Off - Self Serve),(301) 744-9274,"rc, oc, key west fl"
Maribel's Keys Cleaning Service,(305) 393-0418,"rc, vr, oc, cc, dc, io, islamorada fl, key largo fl, tavernier fl, big pine key fl, marathon fl"
Marquez House cleaning,(786) 818-4633,"rc, big pine key fl"
Michelle's Cleaning Services,(305) 394-4885,"rc, oc, cc, dc, io, islamorada fl, key largo fl, tavernier fl"
Mike's Carpet Cleaning,(305) 743-6742,"oc, io, marathon fl"
Molly Maid of St. Petersburg / Clearwater,(727) 240-3547,"rc, key largo fl"
Move Out Cleaning Service Miami,(305) 703-7271,"io, key west fl, key largo fl, marathon fl"
Mr. Steam Carpet & Grout,(813) 445-1709,"rc, oc, cc, islamorada fl"
Norka's Janitor & Cleaning Services,(305) 453-0134,"oc, cc, key largo fl, tavernier fl"
Ocean Construction FL Keys & Tampa,(813) 482-7229,"cc, big pine key fl"
Ocean Waves Construction LLC.,(786) 258-5464,"cc, big pine key fl"
Oceanside Pest Control,(305) 731-6879,"dc, key largo fl"
One Way House Cleaning,(786) 575-4524,"io, marathon fl"
Oriental Massage,(305) 993-8350,"dc, marathon fl"
"Paradise Island Cleaning Services, LLC",(321) 299-5575,"rc, vr, oc, cc, marathon fl"
Paradise Pest Solutions,(305) 901-7378,"rc, oc, dc, key largo fl"
Paradise Poo Rescue — Yard Poop Removal,(954) 830-0554,"cc, tavernier fl"
Pressure Solutions RR LLC,(786) 402-2155,"cc, islamorada fl"
QuixFix Services LLC,(786) 920-1202,"cc, islamorada fl"
R&S Cleaning Solutions,(305) 589-8981,"dc, key west fl"
RD Cleaning House,(727) 944-6205,"rc, dc, key largo fl"
Reliaco Inc.,(248) 361-3646,"rc, oc, marathon fl"
Rising Tide Power Washing,,"dc, marathon fl"
Rocket Cooling,(305) 707-6713,"oc, cc, marathon fl"
Rocket Cooling,(305) 697-6007,"cc, dc, tavernier fl"
"Rosa Diaz Cleaning Service, LLC",(305) 731-0517,"io, marathon fl"
Safeway Restoration,(305) 506-5354,"cc, islamorada fl"
SaltRinse surface solutions,(305) 394-0323,"oc, key largo fl"
Scrub Squad,(786) 838-4148,"cc, key largo fl"
Scrub Squad House Cleaning,(813) 896-3816,"io, tavernier fl"
Sea Real Cleaning Services,(305) 731-9858,"rc, oc, dc, big pine key fl"
Seafoam Laundry,(305) 414-8376,"rc, islamorada fl"
Seal The Deal Fish Processing,(786) 608-4652,"io, marathon fl"
Seashine Cleaning Services,(305) 315-6678,"rc, vr, oc, cc, dc, io, marathon fl, big pine key fl"
Shoreside Cleaning LLC,(305) 699-5727,"rc, vr, oc, cc, dc, io, key largo fl, tavernier fl"
Sparkling Cleaning & Painting Services,(305) 394-0719,"rc, vr, oc, cc, dc, io, key west fl"
Spas Inc.,(305) 743-4973,"rc, oc, cc, marathon fl"
Stanley Steemer,(305) 587-2066,"rc, oc, cc, dc, big pine key fl"
Sunshine Cleaning of Key West,(305) 602-4008,"rc, vr, oc, cc, dc, io, key west fl, big pine key fl"
Superior Interior Home Detailing,(305) 587-8836,"rc, oc, cc, dc, islamorada fl"
Sweet Maid Cleaning Service,(941) 222-2080,"rc, key largo fl"
The Clean Agenda - Vacation Rental Cleaning & Property Solutions,(941) 202-0094,"vr, tavernier fl"
The Clean Cure,(419) 690-9359,"rc, big pine key fl"
The Marathon Laundromat,(305) 396-7751,"oc, dc, io, marathon fl"
The Pool Man Of Key West,(305) 240-1462,"rc, oc, cc, key west fl"
Tidy Key West,(305) 587-4129,"rc, oc, cc, key west fl"
Tinas cleaners Mobile & Marine Canvas Replace & Repair,(305) 780-4974,"rc, oc, cc, dc, io, marathon fl"
Tropical cleaning home & business LLC,(941) 348-0481,"dc, big pine key fl"
Tropical Trash of the Florida Keys,(305) 414-4842,"oc, cc, dc, tavernier fl"
Tropishine Cleaning Services,(954) 420-7218,"io, marathon fl"
True Temp Services,(305) 289-1748,"rc, oc, marathon fl"
Truly Nolen Pest & Termite Control,(305) 451-9900,"dc, key largo fl"
Turtle Keys,(305) 522-0812,"io, key largo fl"
Two Blondes and a Broom,(305) 923-7721,"dc, big pine key fl"
Under The Sun Property Care,(786) 933-0510,"rc, vr, oc, cc, dc, io, key west fl, big pine key fl"
Wiz Cleaners,(305) 874-0260,"io, key west fl"
X-Stream Power Washing and Cleaning Services,(305) 731-9188,"cc, key west fl"
Xtreme SoftWash,(786) 660-6069,"cc, islamorada fl"
Yacky's and Lisbeth Cleaning Services,(786) 765-8319,"rc, islamorada fl, key largo fl"
Zenful Cleaning Service,(786) 376-6774,"rc, vr, oc, cc, dc, io, key west fl"
Zulema Nunez Cleaning Services,(305) 916-8329,"rc, vr, oc, cc, dc, io, marathon fl"
